DATAFLOW,LAST UPDATE,freq,unit,tra_meas,tra_cov,schedule,geo,TIME_PERIOD,OBS_VALUE,OBS_FLAG
ESTAT:TTR00012(1.0),27/10/23 23:00:00,A,PAS,PAS_CRD,TOTAL,TOT,AT,2011,25137612,
ESTAT:TTR00012(1.0),27/10/23 23:00:00,A,PAS,PAS_CRD,TOTAL,TOT,AT,2012,25965977,
ESTAT:TTR00012(1.0),27/10/23 23:00:00,A,PAS,PAS_CRD,TOTAL,TOT,AT,2013,25749724,
ESTAT:TTR00012(1.0),27/10/23 23:00:00,A,PAS,PAS_CRD,TOTAL,TOT,AT,2014,26378676,
ESTAT:TTR00012(1.0),27/10/23 23:00:00,A,PAS,PAS_CRD,TOTAL,TOT,AT,2015,26754007,
ESTAT:TTR00012(1.0),27/10/23 23:00:00,A,PAS,PAS_CRD,TOTAL,TOT,AT,2016,27181511,
ESTAT:TTR00012(1.0),27/10/23 23:00:00,A,PAS,PAS_CRD,TOTAL,TOT,AT,2017,28327279,
ESTAT:TTR00012(1.0),27/10/23 23:00:00,A,PAS,PAS_CRD,TOTAL,TOT,AT,2018,31138417,
ESTAT:TTR00012(1.0),27/10/23 23:00:00,A,PAS,PAS_CRD,TOTAL,TOT,AT,2019,35644188,
ESTAT:TTR00012(1.0),27/10/23 23:00:00,A,PAS,PAS_CRD,TOTAL,TOT,AT,2020,9168431,
ESTAT:TTR00012(1.0),27/10/23 23:00:00,A,PAS,PAS_CRD,TOTAL,TOT,AT,2021,11105564,
ESTAT:TTR00012(1.0),27/10/23 23:00:00,A,PAS,PAS_CRD,TOTAL,TOT,AT,2022,26381180,
ESTAT:TTR00012(1.0),27/10/23 23:00:00,A,PAS,PAS_CRD,TOTAL,TOT,BA,2021,987659,
ESTAT:TTR00012(1.0),27/10/23 23:00:00,A,PAS,PAS_CRD,TOTAL,TOT,BE,2011,25102695,
ESTAT:TTR00012(1.0),27/10/23 23:00:00,A,PAS,PAS_CRD,TOTAL,TOT,BE,2012,25919515,
ESTAT:TTR00012(1.0),27/10/23 23:00:00,A,PAS,PAS_CRD,TOTAL,TOT,BE,2013,26389927,
ESTAT:TTR00012(1.0),27/10/23 23:00:00,A,PAS,PAS_CRD,TOTAL,TOT,BE,2014,28776258,
ESTAT:TTR00012(1.0),27/10/23 23:00:00,A,PAS,PAS_CRD,TOTAL,TOT,BE,2015,30958841,
ESTAT:TTR00012(1.0),27/10/23 23:00:00,A,PAS,PAS_CRD,TOTAL,TOT,BE,2016,30115832,
ESTAT:TTR00012(1.0),27/10/23 23:00:00,A,PAS,PAS_CRD,TOTAL,TOT,BE,2017,33260493,
ESTAT:TTR00012(1.0),27/10/23 23:00:00,A,PAS,PAS_CRD,TOTAL,TOT,BE,2018,34506309,
ESTAT:TTR00012(1.0),27/10/23 23:00:00,A,PAS,PAS_CRD,TOTAL,TOT,BE,2019,35385188,
ESTAT:TTR00012(1.0),27/10/23 23:00:00,A,PAS,PAS_CRD,TOTAL,TOT,BE,2020,9465828,
ESTAT:TTR00012(1.0),27/10/23 23:00:00,A,PAS,PAS_CRD,TOTAL,TOT,BE,2021,13500020,
ESTAT:TTR00012(1.0),27/10/23 23:00:00,A,PAS,PAS_CRD,TOTAL,TOT,BE,2022,27873892,
ESTAT:TTR00012(1.0),27/10/23 23:00:00,A,PAS,PAS_CRD,TOTAL,TOT,BG,2011,6652007,
ESTAT:TTR00012(1.0),27/10/23 23:00:00,A,PAS,PAS_CRD,TOTAL,TOT,BG,2012,6819103,
ESTAT:TTR00012(1.0),27/10/23 23:00:00,A,PAS,PAS_CRD,TOTAL,TOT,BG,2013,7079292,
ESTAT:TTR00012(1.0),27/10/23 23:00:00,A,PAS,PAS_CRD,TOTAL,TOT,BG,2014,7520697,
ESTAT:TTR00012(1.0),27/10/23 23:00:00,A,PAS,PAS_CRD,TOTAL,TOT,BG,2015,7610949,
ESTAT:TTR00012(1.0),27/10/23 23:00:00,A,PAS,PAS_CRD,TOTAL,TOT,BG,2016,9324217,
ESTAT:TTR00012(1.0),27/10/23 23:00:00,A,PAS,PAS_CRD,TOTAL,TOT,BG,2017,11092651,
ESTAT:TTR00012(1.0),27/10/23 23:00:00,A,PAS,PAS_CRD,TOTAL,TOT,BG,2018,12137714,
ESTAT:TTR00012(1.0),27/10/23 23:00:00,A,PAS,PAS_CRD,TOTAL,TOT,BG,2019,11713068,
ESTAT:TTR00012(1.0),27/10/23 23:00:00,A,PAS,PAS_CRD,TOTAL,TOT,BG,2020,3729017,
ESTAT:TTR00012(1.0),27/10/23 23:00:00,A,PAS,PAS_CRD,TOTAL,TOT,BG,2021,5047877,
ESTAT:TTR00012(1.0),27/10/23 23:00:00,A,PAS,PAS_CRD,TOTAL,TOT,BG,2022,8807502,
ESTAT:TTR00012(1.0),27/10/23 23:00:00,A,PAS,PAS_CRD,TOTAL,TOT,CH,2011,41439848,
ESTAT:TTR00012(1.0),27/10/23 23:00:00,A,PAS,PAS_CRD,TOTAL,TOT,CH,2012,43236086,
ESTAT:TTR00012(1.0),27/10/23 23:00:00,A,PAS,PAS_CRD,TOTAL,TOT,CH,2013,44217568,
ESTAT:TTR00012(1.0),27/10/23 23:00:00,A,PAS,PAS_CRD,TOTAL,TOT,CH,2014,46127426,
ESTAT:TTR00012(1.0),27/10/23 23:00:00,A,PAS,PAS_CRD,TOTAL,TOT,CH,2015,48026375,
ESTAT:TTR00012(1.0),27/10/23 23:00:00,A,PAS,PAS_CRD,TOTAL,TOT,CH,2016,50505492,
ESTAT:TTR00012(1.0),27/10/23 23:00:00,A,PAS,PAS_CRD,TOTAL,TOT,CH,2017,53564943,
ESTAT:TTR00012(1.0),27/10/23 23:00:00,A,PAS,PAS_CRD,TOTAL,TOT,CH,2018,56139549,
ESTAT:TTR00012(1.0),27/10/23 23:00:00,A,PAS,PAS_CRD,TOTAL,TOT,CH,2019,57194328,
ESTAT:TTR00012(1.0),27/10/23 23:00:00,A,PAS,PAS_CRD,TOTAL,TOT,CH,2020,16006811,
ESTAT:TTR00012(1.0),27/10/23 23:00:00,A,PAS,PAS_CRD,TOTAL,TOT,CH,2021,19109708,
ESTAT:TTR00012(1.0),27/10/23 23:00:00,A,PAS,PAS_CRD,TOTAL,TOT,CH,2022,42424182,
ESTAT:TTR00012(1.0),27/10/23 23:00:00,A,PAS,PAS_CRD,TOTAL,TOT,CY,2011,7190387,
ESTAT:TTR00012(1.0),27/10/23 23:00:00,A,PAS,PAS_CRD,TOTAL,TOT,CY,2012,7328300,
ESTAT:TTR00012(1.0),27/10/23 23:00:00,A,PAS,PAS_CRD,TOTAL,TOT,CY,2013,7011437,
ESTAT:TTR00012(1.0),27/10/23 23:00:00,A,PAS,PAS_CRD,TOTAL,TOT,CY,2014,7328546,
ESTAT:TTR00012(1.0),27/10/23 23:00:00,A,PAS,PAS_CRD,TOTAL,TOT,CY,2015,7590787,
ESTAT:TTR00012(1.0),27/10/23 23:00:00,A,PAS,PAS_CRD,TOTAL,TOT,CY,2016,8961817,
ESTAT:TTR00012(1.0),27/10/23 23:00:00,A,PAS,PAS_CRD,TOTAL,TOT,CY,2017,10238913,
ESTAT:TTR00012(1.0),27/10/23 23:00:00,A,PAS,PAS_CRD,TOTAL,TOT,CY,2018,10927101,
ESTAT:TTR00012(1.0),27/10/23 23:00:00,A,PAS,PAS_CRD,TOTAL,TOT,CY,2019,11261410,
ESTAT:TTR00012(1.0),27/10/23 23:00:00,A,PAS,PAS_CRD,TOTAL,TOT,CY,2020,2270577,
ESTAT:TTR00012(1.0),27/10/23 23:00:00,A,PAS,PAS_CRD,TOTAL,TOT,CY,2021,5099704,
ESTAT:TTR00012(1.0),27/10/23 23:00:00,A,PAS,PAS_CRD,TOTAL,TOT,CY,2022,8613471,
ESTAT:TTR00012(1.0),27/10/23 23:00:00,A,PAS,PAS_CRD,TOTAL,TOT,CZ,2011,12650532,
ESTAT:TTR00012(1.0),27/10/23 23:00:00,A,PAS,PAS_CRD,TOTAL,TOT,CZ,2012,11742352,
ESTAT:TTR00012(1.0),27/10/23 23:00:00,A,PAS,PAS_CRD,TOTAL,TOT,CZ,2013,11891812,
ESTAT:TTR00012(1.0),27/10/23 23:00:00,A,PAS,PAS_CRD,TOTAL,TOT,CZ,2014,12079873,
ESTAT:TTR00012(1.0),27/10/23 23:00:00,A,PAS,PAS_CRD,TOTAL,TOT,CZ,2015,12672004,
ESTAT:TTR00012(1.0),27/10/23 23:00:00,A,PAS,PAS_CRD,TOTAL,TOT,CZ,2016,13672362,
ESTAT:TTR00012(1.0),27/10/23 23:00:00,A,PAS,PAS_CRD,TOTAL,TOT,CZ,2017,16245554,
ESTAT:TTR00012(1.0),27/10/23 23:00:00,A,PAS,PAS_CRD,TOTAL,TOT,CZ,2018,17838221,
ESTAT:TTR00012(1.0),27/10/23 23:00:00,A,PAS,PAS_CRD,TOTAL,TOT,CZ,2019,18767088,
ESTAT:TTR00012(1.0),27/10/23 23:00:00,A,PAS,PAS_CRD,TOTAL,TOT,CZ,2020,3821372,
ESTAT:TTR00012(1.0),27/10/23 23:00:00,A,PAS,PAS_CRD,TOTAL,TOT,CZ,2021,4755160,
ESTAT:TTR00012(1.0),27/10/23 23:00:00,A,PAS,PAS_CRD,TOTAL,TOT,CZ,2022,11532650,
ESTAT:TTR00012(1.0),27/10/23 23:00:00,A,PAS,PAS_CRD,TOTAL,TOT,DE,2011,175316076,
ESTAT:TTR00012(1.0),27/10/23 23:00:00,A,PAS,PAS_CRD,TOTAL,TOT,DE,2012,178591103,
ESTAT:TTR00012(1.0),27/10/23 23:00:00,A,PAS,PAS_CRD,TOTAL,TOT,DE,2013,180783188,
ESTAT:TTR00012(1.0),27/10/23 23:00:00,A,PAS,PAS_CRD,TOTAL,TOT,DE,2014,186445814,
ESTAT:TTR00012(1.0),27/10/23 23:00:00,A,PAS,PAS_CRD,TOTAL,TOT,DE,2015,193936430,
ESTAT:TTR00012(1.0),27/10/23 23:00:00,A,PAS,PAS_CRD,TOTAL,TOT,DE,2016,200687293,
ESTAT:TTR00012(1.0),27/10/23 23:00:00,A,PAS,PAS_CRD,TOTAL,TOT,DE,2017,212389343,
ESTAT:TTR00012(1.0),27/10/23 23:00:00,A,PAS,PAS_CRD,TOTAL,TOT,DE,2018,222422361,
ESTAT:TTR00012(1.0),27/10/23 23:00:00,A,PAS,PAS_CRD,TOTAL,TOT,DE,2019,226764086,
ESTAT:TTR00012(1.0),27/10/23 23:00:00,A,PAS,PAS_CRD,TOTAL,TOT,DE,2020,57795978,
ESTAT:TTR00012(1.0),27/10/23 23:00:00,A,PAS,PAS_CRD,TOTAL,TOT,DE,2021,73597370,
ESTAT:TTR00012(1.0),27/10/23 23:00:00,A,PAS,PAS_CRD,TOTAL,TOT,DE,2022,155302643,
ESTAT:TTR00012(1.0),27/10/23 23:00:00,A,PAS,PAS_CRD,TOTAL,TOT,DK,2011,25808321,
ESTAT:TTR00012(1.0),27/10/23 23:00:00,A,PAS,PAS_CRD,TOTAL,TOT,DK,2012,26532730,
ESTAT:TTR00012(1.0),27/10/23 23:00:00,A,PAS,PAS_CRD,TOTAL,TOT,DK,2013,27459623,
ESTAT:TTR00012(1.0),27/10/23 23:00:00,A,PAS,PAS_CRD,TOTAL,TOT,DK,2014,29015133,
ESTAT:TTR00012(1.0),27/10/23 23:00:00,A,PAS,PAS_CRD,TOTAL,TOT,DK,2015,30095505,
ESTAT:TTR00012(1.0),27/10/23 23:00:00,A,PAS,PAS_CRD,TOTAL,TOT,DK,2016,32763142,
ESTAT:TTR00012(1.0),27/10/23 23:00:00,A,PAS,PAS_CRD,TOTAL,TOT,DK,2017,33261214,
ESTAT:TTR00012(1.0),27/10/23 23:00:00,A,PAS,PAS_CRD,TOTAL,TOT,DK,2018,34701139,
ESTAT:TTR00012(1.0),27/10/23 23:00:00,A,PAS,PAS_CRD,TOTAL,TOT,DK,2019,34780127,
ESTAT:TTR00012(1.0),27/10/23 23:00:00,A,PAS,PAS_CRD,TOTAL,TOT,DK,2020,8658654,
ESTAT:TTR00012(1.0),27/10/23 23:00:00,A,PAS,PAS_CRD,TOTAL,TOT,DK,2021,10817817,
ESTAT:TTR00012(1.0),27/10/23 23:00:00,A,PAS,PAS_CRD,TOTAL,TOT,DK,2022,26649573,
ESTAT:TTR00012(1.0),27/10/23 23:00:00,A,PAS,PAS_CRD,TOTAL,TOT,EE,2011,1907569,
ESTAT:TTR00012(1.0),27/10/23 23:00:00,A,PAS,PAS_CRD,TOTAL,TOT,EE,2012,2202427,
ESTAT:TTR00012(1.0),27/10/23 23:00:00,A,PAS,PAS_CRD,TOTAL,TOT,EE,2013,1958565,
ESTAT:TTR00012(1.0),27/10/23 23:00:00,A,PAS,PAS_CRD,TOTAL,TOT,EE,2014,2019806,
ESTAT:TTR00012(1.0),27/10/23 23:00:00,A,PAS,PAS_CRD,TOTAL,TOT,EE,2015,2160978,
ESTAT:TTR00012(1.0),27/10/23 23:00:00,A,PAS,PAS_CRD,TOTAL,TOT,EE,2016,2214989,
ESTAT:TTR00012(1.0),27/10/23 23:00:00,A,PAS,PAS_CRD,TOTAL,TOT,EE,2017,2635145,
ESTAT:TTR00012(1.0),27/10/23 23:00:00,A,PAS,PAS_CRD,TOTAL,TOT,EE,2018,2995528,
ESTAT:TTR00012(1.0),27/10/23 23:00:00,A,PAS,PAS_CRD,TOTAL,TOT,EE,2019,3258003,
ESTAT:TTR00012(1.0),27/10/23 23:00:00,A,PAS,PAS_CRD,TOTAL,TOT,EE,2020,857837,
ESTAT:TTR00012(1.0),27/10/23 23:00:00,A,PAS,PAS_CRD,TOTAL,TOT,EE,2021,1292941,
ESTAT:TTR00012(1.0),27/10/23 23:00:00,A,PAS,PAS_CRD,TOTAL,TOT,EE,2022,2731365,
ESTAT:TTR00012(1.0),27/10/23 23:00:00,A,PAS,PAS_CRD,TOTAL,TOT,EL,2011,33770739,
ESTAT:TTR00012(1.0),27/10/23 23:00:00,A,PAS,PAS_CRD,TOTAL,TOT,EL,2012,32082336,
ESTAT:TTR00012(1.0),27/10/23 23:00:00,A,PAS,PAS_CRD,TOTAL,TOT,EL,2013,34023934,
ESTAT:TTR00012(1.0),27/10/23 23:00:00,A,PAS,PAS_CRD,TOTAL,TOT,EL,2014,39117833,
ESTAT:TTR00012(1.0),27/10/23 23:00:00,A,PAS,PAS_CRD,TOTAL,TOT,EL,2015,42096402,
ESTAT:TTR00012(1.0),27/10/23 23:00:00,A,PAS,PAS_CRD,TOTAL,TOT,EL,2016,45543371,
ESTAT:TTR00012(1.0),27/10/23 23:00:00,A,PAS,PAS_CRD,TOTAL,TOT,EL,2017,50170728,
ESTAT:TTR00012(1.0),27/10/23 23:00:00,A,PAS,PAS_CRD,TOTAL,TOT,EL,2018,54258826,
ESTAT:TTR00012(1.0),27/10/23 23:00:00,A,PAS,PAS_CRD,TOTAL,TOT,EL,2019,56088527,
ESTAT:TTR00012(1.0),27/10/23 23:00:00,A,PAS,PAS_CRD,TOTAL,TOT,EL,2020,17341192,
ESTAT:TTR00012(1.0),27/10/23 23:00:00,A,PAS,PAS_CRD,TOTAL,TOT,EL,2021,32245559,
ESTAT:TTR00012(1.0),27/10/23 23:00:00,A,PAS,PAS_CRD,TOTAL,TOT,EL,2022,57893929,
ESTAT:TTR00012(1.0),27/10/23 23:00:00,A,PAS,PAS_CRD,TOTAL,TOT,ES,2011,165153230,
ESTAT:TTR00012(1.0),27/10/23 23:00:00,A,PAS,PAS_CRD,TOTAL,TOT,ES,2012,159771261,
ESTAT:TTR00012(1.0),27/10/23 23:00:00,A,PAS,PAS_CRD,TOTAL,TOT,ES,2013,157731973,
ESTAT:TTR00012(1.0),27/10/23 23:00:00,A,PAS,PAS_CRD,TOTAL,TOT,ES,2014,165354382,
ESTAT:TTR00012(1.0),27/10/23 23:00:00,A,PAS,PAS_CRD,TOTAL,TOT,ES,2015,174652503,
ESTAT:TTR00012(1.0),27/10/23 23:00:00,A,PAS,PAS_CRD,TOTAL,TOT,ES,2016,193872037,
ESTAT:TTR00012(1.0),27/10/23 23:00:00,A,PAS,PAS_CRD,TOTAL,TOT,ES,2017,209824089,
ESTAT:TTR00012(1.0),27/10/23 23:00:00,A,PAS,PAS_CRD,TOTAL,TOT,ES,2018,220611429,
ESTAT:TTR00012(1.0),27/10/23 23:00:00,A,PAS,PAS_CRD,TOTAL,TOT,ES,2019,228262372,
ESTAT:TTR00012(1.0),27/10/23 23:00:00,A,PAS,PAS_CRD,TOTAL,TOT,ES,2020,57797305,
ESTAT:TTR00012(1.0),27/10/23 23:00:00,A,PAS,PAS_CRD,TOTAL,TOT,ES,2021,91898241,
ESTAT:TTR00012(1.0),27/10/23 23:00:00,A,PAS,PAS_CRD,TOTAL,TOT,ES,2022,199571203,
ESTAT:TTR00012(1.0),27/10/23 23:00:00,A,PAS,PAS_CRD,TOTAL,TOT,EU27_2020,2011,730656231,
ESTAT:TTR00012(1.0),27/10/23 23:00:00,A,PAS,PAS_CRD,TOTAL,TOT,EU27_2020,2012,734860381,
ESTAT:TTR00012(1.0),27/10/23 23:00:00,A,PAS,PAS_CRD,TOTAL,TOT,EU27_2020,2013,746100398,
ESTAT:TTR00012(1.0),27/10/23 23:00:00,A,PAS,PAS_CRD,TOTAL,TOT,EU27_2020,2014,781202599,
ESTAT:TTR00012(1.0),27/10/23 23:00:00,A,PAS,PAS_CRD,TOTAL,TOT,EU27_2020,2015,819698948,
ESTAT:TTR00012(1.0),27/10/23 23:00:00,A,PAS,PAS_CRD,TOTAL,TOT,EU27_2020,2016,871695782,
ESTAT:TTR00012(1.0),27/10/23 23:00:00,A,PAS,PAS_CRD,TOTAL,TOT,EU27_2020,2017,938854476,
ESTAT:TTR00012(1.0),27/10/23 23:00:00,A,PAS,PAS_CRD,TOTAL,TOT,EU27_2020,2018,996295411,
ESTAT:TTR00012(1.0),27/10/23 23:00:00,A,PAS,PAS_CRD,TOTAL,TOT,EU27_2020,2019,1035119832,
ESTAT:TTR00012(1.0),27/10/23 23:00:00,A,PAS,PAS_CRD,TOTAL,TOT,EU27_2020,2020,276758108,
ESTAT:TTR00012(1.0),27/10/23 23:00:00,A,PAS,PAS_CRD,TOTAL,TOT,EU27_2020,2021,373809763,
ESTAT:TTR00012(1.0),27/10/23 23:00:00,A,PAS,PAS_CRD,TOTAL,TOT,EU27_2020,2022,819849662,
ESTAT:TTR00012(1.0),27/10/23 23:00:00,A,PAS,PAS_CRD,TOTAL,TOT,FI,2011,16374398,
ESTAT:TTR00012(1.0),27/10/23 23:00:00,A,PAS,PAS_CRD,TOTAL,TOT,FI,2012,16458815,
ESTAT:TTR00012(1.0),27/10/23 23:00:00,A,PAS,PAS_CRD,TOTAL,TOT,FI,2013,16565391,
ESTAT:TTR00012(1.0),27/10/23 23:00:00,A,PAS,PAS_CRD,TOTAL,TOT,FI,2014,17171931,
ESTAT:TTR00012(1.0),27/10/23 23:00:00,A,PAS,PAS_CRD,TOTAL,TOT,FI,2015,17479246,
ESTAT:TTR00012(1.0),27/10/23 23:00:00,A,PAS,PAS_CRD,TOTAL,TOT,FI,2016,18099954,
ESTAT:TTR00012(1.0),27/10/23 23:00:00,A,PAS,PAS_CRD,TOTAL,TOT,FI,2017,20054947,
ESTAT:TTR00012(1.0),27/10/23 23:00:00,A,PAS,PAS_CRD,TOTAL,TOT,FI,2018,22173530,
ESTAT:TTR00012(1.0),27/10/23 23:00:00,A,PAS,PAS_CRD,TOTAL,TOT,FI,2019,23287929,
ESTAT:TTR00012(1.0),27/10/23 23:00:00,A,PAS,PAS_CRD,TOTAL,TOT,FI,2020,5428622,
ESTAT:TTR00012(1.0),27/10/23 23:00:00,A,PAS,PAS_CRD,TOTAL,TOT,FI,2021,4554497,
ESTAT:TTR00012(1.0),27/10/23 23:00:00,A,PAS,PAS_CRD,TOTAL,TOT,FI,2022,13812577,
ESTAT:TTR00012(1.0),27/10/23 23:00:00,A,PAS,PAS_CRD,TOTAL,TOT,FR,2011,126013257,
ESTAT:TTR00012(1.0),27/10/23 23:00:00,A,PAS,PAS_CRD,TOTAL,TOT,FR,2012,129764462,
ESTAT:TTR00012(1.0),27/10/23 23:00:00,A,PAS,PAS_CRD,TOTAL,TOT,FR,2013,132762875,
ESTAT:TTR00012(1.0),27/10/23 23:00:00,A,PAS,PAS_CRD,TOTAL,TOT,FR,2014,136360671,
ESTAT:TTR00012(1.0),27/10/23 23:00:00,A,PAS,PAS_CRD,TOTAL,TOT,FR,2015,140867569,
ESTAT:TTR00012(1.0),27/10/23 23:00:00,A,PAS,PAS_CRD,TOTAL,TOT,FR,2016,145280602,
ESTAT:TTR00012(1.0),27/10/23 23:00:00,A,PAS,PAS_CRD,TOTAL,TOT,FR,2017,154096485,
ESTAT:TTR00012(1.0),27/10/23 23:00:00,A,PAS,PAS_CRD,TOTAL,TOT,FR,2018,161991179,
ESTAT:TTR00012(1.0),27/10/23 23:00:00,A,PAS,PAS_CRD,TOTAL,TOT,FR,2019,168726788,
ESTAT:TTR00012(1.0),27/10/23 23:00:00,A,PAS,PAS_CRD,TOTAL,TOT,FR,2020,50724011,
ESTAT:TTR00012(1.0),27/10/23 23:00:00,A,PAS,PAS_CRD,TOTAL,TOT,FR,2021,66033809,
ESTAT:TTR00012(1.0),27/10/23 23:00:00,A,PAS,PAS_CRD,TOTAL,TOT,FR,2022,136560938,
ESTAT:TTR00012(1.0),27/10/23 23:00:00,A,PAS,PAS_CRD,TOTAL,TOT,HR,2011,4989236,
ESTAT:TTR00012(1.0),27/10/23 23:00:00,A,PAS,PAS_CRD,TOTAL,TOT,HR,2012,5422632,
ESTAT:TTR00012(1.0),27/10/23 23:00:00,A,PAS,PAS_CRD,TOTAL,TOT,HR,2013,5722447,
ESTAT:TTR00012(1.0),27/10/23 23:00:00,A,PAS,PAS_CRD,TOTAL,TOT,HR,2014,6140797,
ESTAT:TTR00012(1.0),27/10/23 23:00:00,A,PAS,PAS_CRD,TOTAL,TOT,HR,2015,6571698,
ESTAT:TTR00012(1.0),27/10/23 23:00:00,A,PAS,PAS_CRD,TOTAL,TOT,HR,2016,7475463,
ESTAT:TTR00012(1.0),27/10/23 23:00:00,A,PAS,PAS_CRD,TOTAL,TOT,HR,2017,8843053,
ESTAT:TTR00012(1.0),27/10/23 23:00:00,A,PAS,PAS_CRD,TOTAL,TOT,HR,2018,9731294,
ESTAT:TTR00012(1.0),27/10/23 23:00:00,A,PAS,PAS_CRD,TOTAL,TOT,HR,2019,10623239,
ESTAT:TTR00012(1.0),27/10/23 23:00:00,A,PAS,PAS_CRD,TOTAL,TOT,HR,2020,1943547,
ESTAT:TTR00012(1.0),27/10/23 23:00:00,A,PAS,PAS_CRD,TOTAL,TOT,HR,2021,4458400,
ESTAT:TTR00012(1.0),27/10/23 23:00:00,A,PAS,PAS_CRD,TOTAL,TOT,HR,2022,9415321,
ESTAT:TTR00012(1.0),27/10/23 23:00:00,A,PAS,PAS_CRD,TOTAL,TOT,HU,2011,8884837,
ESTAT:TTR00012(1.0),27/10/23 23:00:00,A,PAS,PAS_CRD,TOTAL,TOT,HU,2012,8429843,
ESTAT:TTR00012(1.0),27/10/23 23:00:00,A,PAS,PAS_CRD,TOTAL,TOT,HU,2013,8441319,
ESTAT:TTR00012(1.0),27/10/23 23:00:00,A,PAS,PAS_CRD,TOTAL,TOT,HU,2014,9054848,
ESTAT:TTR00012(1.0),27/10/23 23:00:00,A,PAS,PAS_CRD,TOTAL,TOT,HU,2015,10228352,
ESTAT:TTR00012(1.0),27/10/23 23:00:00,A,PAS,PAS_CRD,TOTAL,TOT,HU,2016,11660366,
ESTAT:TTR00012(1.0),27/10/23 23:00:00,A,PAS,PAS_CRD,TOTAL,TOT,HU,2017,13350029,
ESTAT:TTR00012(1.0),27/10/23 23:00:00,A,PAS,PAS_CRD,TOTAL,TOT,HU,2018,15176493,
ESTAT:TTR00012(1.0),27/10/23 23:00:00,A,PAS,PAS_CRD,TOTAL,TOT,HU,2019,16700750,
ESTAT:TTR00012(1.0),27/10/23 23:00:00,A,PAS,PAS_CRD,TOTAL,TOT,HU,2020,3962687,
ESTAT:TTR00012(1.0),27/10/23 23:00:00,A,PAS,PAS_CRD,TOTAL,TOT,HU,2021,4665369,
ESTAT:TTR00012(1.0),27/10/23 23:00:00,A,PAS,PAS_CRD,TOTAL,TOT,HU,2022,12393512,
ESTAT:TTR00012(1.0),27/10/23 23:00:00,A,PAS,PAS_CRD,TOTAL,TOT,IE,2011,23362889,
ESTAT:TTR00012(1.0),27/10/23 23:00:00,A,PAS,PAS_CRD,TOTAL,TOT,IE,2012,23594089,
ESTAT:TTR00012(1.0),27/10/23 23:00:00,A,PAS,PAS_CRD,TOTAL,TOT,IE,2013,24603640,
ESTAT:TTR00012(1.0),27/10/23 23:00:00,A,PAS,PAS_CRD,TOTAL,TOT,IE,2014,26310826,
ESTAT:TTR00012(1.0),27/10/23 23:00:00,A,PAS,PAS_CRD,TOTAL,TOT,IE,2015,29545020,
ESTAT:TTR00012(1.0),27/10/23 23:00:00,A,PAS,PAS_CRD,TOTAL,TOT,IE,2016,32595709,
ESTAT:TTR00012(1.0),27/10/23 23:00:00,A,PAS,PAS_CRD,TOTAL,TOT,IE,2017,34271771,
ESTAT:TTR00012(1.0),27/10/23 23:00:00,A,PAS,PAS_CRD,TOTAL,TOT,IE,2018,36345005,
ESTAT:TTR00012(1.0),27/10/23 23:00:00,A,PAS,PAS_CRD,TOTAL,TOT,IE,2019,37947510,
ESTAT:TTR00012(1.0),27/10/23 23:00:00,A,PAS,PAS_CRD,TOTAL,TOT,IE,2020,8268297,
ESTAT:TTR00012(1.0),27/10/23 23:00:00,A,PAS,PAS_CRD,TOTAL,TOT,IE,2021,9097359,
ESTAT:TTR00012(1.0),27/10/23 23:00:00,A,PAS,PAS_CRD,TOTAL,TOT,IE,2022,32405890,
ESTAT:TTR00012(1.0),27/10/23 23:00:00,A,PAS,PAS_CRD,TOTAL,TOT,IS,2011,2462894,
ESTAT:TTR00012(1.0),27/10/23 23:00:00,A,PAS,PAS_CRD,TOTAL,TOT,IS,2012,2740691,
ESTAT:TTR00012(1.0),27/10/23 23:00:00,A,PAS,PAS_CRD,TOTAL,TOT,IS,2013,3199266,
ESTAT:TTR00012(1.0),27/10/23 23:00:00,A,PAS,PAS_CRD,TOTAL,TOT,IS,2014,3853614,
ESTAT:TTR00012(1.0),27/10/23 23:00:00,A,PAS,PAS_CRD,TOTAL,TOT,IS,2015,4847288,
ESTAT:TTR00012(1.0),27/10/23 23:00:00,A,PAS,PAS_CRD,TOTAL,TOT,IS,2016,6801814,
ESTAT:TTR00012(1.0),27/10/23 23:00:00,A,PAS,PAS_CRD,TOTAL,TOT,IS,2017,8318734,
ESTAT:TTR00012(1.0),27/10/23 23:00:00,A,PAS,PAS_CRD,TOTAL,TOT,IS,2018,10166386,
ESTAT:TTR00012(1.0),27/10/23 23:00:00,A,PAS,PAS_CRD,TOTAL,TOT,IS,2019,7584197,
ESTAT:TTR00012(1.0),27/10/23 23:00:00,A,PAS,PAS_CRD,TOTAL,TOT,IS,2020,1527633,
ESTAT:TTR00012(1.0),27/10/23 23:00:00,A,PAS,PAS_CRD,TOTAL,TOT,IS,2021,2437139,
ESTAT:TTR00012(1.0),27/10/23 23:00:00,A,PAS,PAS_CRD,TOTAL,TOT,IS,2022,6463479,
ESTAT:TTR00012(1.0),27/10/23 23:00:00,A,PAS,PAS_CRD,TOTAL,TOT,IT,2011,116226667,
ESTAT:TTR00012(1.0),27/10/23 23:00:00,A,PAS,PAS_CRD,TOTAL,TOT,IT,2012,116029388,
ESTAT:TTR00012(1.0),27/10/23 23:00:00,A,PAS,PAS_CRD,TOTAL,TOT,IT,2013,115279105,
ESTAT:TTR00012(1.0),27/10/23 23:00:00,A,PAS,PAS_CRD,TOTAL,TOT,IT,2014,121164587,
ESTAT:TTR00012(1.0),27/10/23 23:00:00,A,PAS,PAS_CRD,TOTAL,TOT,IT,2015,127665221,
ESTAT:TTR00012(1.0),27/10/23 23:00:00,A,PAS,PAS_CRD,TOTAL,TOT,IT,2016,134477781,
ESTAT:TTR00012(1.0),27/10/23 23:00:00,A,PAS,PAS_CRD,TOTAL,TOT,IT,2017,144306325,
ESTAT:TTR00012(1.0),27/10/23 23:00:00,A,PAS,PAS_CRD,TOTAL,TOT,IT,2018,153352444,
ESTAT:TTR00012(1.0),27/10/23 23:00:00,A,PAS,PAS_CRD,TOTAL,TOT,IT,2019,160667939,
ESTAT:TTR00012(1.0),27/10/23 23:00:00,A,PAS,PAS_CRD,TOTAL,TOT,IT,2020,40405355,
ESTAT:TTR00012(1.0),27/10/23 23:00:00,A,PAS,PAS_CRD,TOTAL,TOT,IT,2021,59709143,
ESTAT:TTR00012(1.0),27/10/23 23:00:00,A,PAS,PAS_CRD,TOTAL,TOT,IT,2022,132425719,
ESTAT:TTR00012(1.0),27/10/23 23:00:00,A,PAS,PAS_CRD,TOTAL,TOT,LT,2011,2691991,
ESTAT:TTR00012(1.0),27/10/23 23:00:00,A,PAS,PAS_CRD,TOTAL,TOT,LT,2012,3166628,
ESTAT:TTR00012(1.0),27/10/23 23:00:00,A,PAS,PAS_CRD,TOTAL,TOT,LT,2013,3482358,
ESTAT:TTR00012(1.0),27/10/23 23:00:00,A,PAS,PAS_CRD,TOTAL,TOT,LT,2014,3798110,
ESTAT:TTR00012(1.0),27/10/23 23:00:00,A,PAS,PAS_CRD,TOTAL,TOT,LT,2015,4227389,
ESTAT:TTR00012(1.0),27/10/23 23:00:00,A,PAS,PAS_CRD,TOTAL,TOT,LT,2016,4787561,
ESTAT:TTR00012(1.0),27/10/23 23:00:00,A,PAS,PAS_CRD,TOTAL,TOT,LT,2017,5246101,
ESTAT:TTR00012(1.0),27/10/23 23:00:00,A,PAS,PAS_CRD,TOTAL,TOT,LT,2018,6254178,
ESTAT:TTR00012(1.0),27/10/23 23:00:00,A,PAS,PAS_CRD,TOTAL,TOT,LT,2019,6504685,
ESTAT:TTR00012(1.0),27/10/23 23:00:00,A,PAS,PAS_CRD,TOTAL,TOT,LT,2020,1804500,
ESTAT:TTR00012(1.0),27/10/23 23:00:00,A,PAS,PAS_CRD,TOTAL,TOT,LT,2021,2464603,
ESTAT:TTR00012(1.0),27/10/23 23:00:00,A,PAS,PAS_CRD,TOTAL,TOT,LT,2022,5333890,
ESTAT:TTR00012(1.0),27/10/23 23:00:00,A,PAS,PAS_CRD,TOTAL,TOT,LU,2011,1836780,
ESTAT:TTR00012(1.0),27/10/23 23:00:00,A,PAS,PAS_CRD,TOTAL,TOT,LU,2012,1893991,
ESTAT:TTR00012(1.0),27/10/23 23:00:00,A,PAS,PAS_CRD,TOTAL,TOT,LU,2013,2169327,
ESTAT:TTR00012(1.0),27/10/23 23:00:00,A,PAS,PAS_CRD,TOTAL,TOT,LU,2014,2433966,
ESTAT:TTR00012(1.0),27/10/23 23:00:00,A,PAS,PAS_CRD,TOTAL,TOT,LU,2015,2651751,
ESTAT:TTR00012(1.0),27/10/23 23:00:00,A,PAS,PAS_CRD,TOTAL,TOT,LU,2016,2984242,
ESTAT:TTR00012(1.0),27/10/23 23:00:00,A,PAS,PAS_CRD,TOTAL,TOT,LU,2017,3554730,
ESTAT:TTR00012(1.0),27/10/23 23:00:00,A,PAS,PAS_CRD,TOTAL,TOT,LU,2018,3988804,
ESTAT:TTR00012(1.0),27/10/23 23:00:00,A,PAS,PAS_CRD,TOTAL,TOT,LU,2019,4365569,
ESTAT:TTR00012(1.0),27/10/23 23:00:00,A,PAS,PAS_CRD,TOTAL,TOT,LU,2020,1426310,
ESTAT:TTR00012(1.0),27/10/23 23:00:00,A,PAS,PAS_CRD,TOTAL,TOT,LU,2021,2002903,
ESTAT:TTR00012(1.0),27/10/23 23:00:00,A,PAS,PAS_CRD,TOTAL,TOT,LU,2022,4057247,
ESTAT:TTR00012(1.0),27/10/23 23:00:00,A,PAS,PAS_CRD,TOTAL,TOT,LV,2011,5098360,
ESTAT:TTR00012(1.0),27/10/23 23:00:00,A,PAS,PAS_CRD,TOTAL,TOT,LV,2012,4754530,
ESTAT:TTR00012(1.0),27/10/23 23:00:00,A,PAS,PAS_CRD,TOTAL,TOT,LV,2013,4782257,
ESTAT:TTR00012(1.0),27/10/23 23:00:00,A,PAS,PAS_CRD,TOTAL,TOT,LV,2014,4802282,
ESTAT:TTR00012(1.0),27/10/23 23:00:00,A,PAS,PAS_CRD,TOTAL,TOT,LV,2015,5145856,
ESTAT:TTR00012(1.0),27/10/23 23:00:00,A,PAS,PAS_CRD,TOTAL,TOT,LV,2016,5384160,
ESTAT:TTR00012(1.0),27/10/23 23:00:00,A,PAS,PAS_CRD,TOTAL,TOT,LV,2017,6077854,
ESTAT:TTR00012(1.0),27/10/23 23:00:00,A,PAS,PAS_CRD,TOTAL,TOT,LV,2018,7037070,
ESTAT:TTR00012(1.0),27/10/23 23:00:00,A,PAS,PAS_CRD,TOTAL,TOT,LV,2019,7785726,
ESTAT:TTR00012(1.0),27/10/23 23:00:00,A,PAS,PAS_CRD,TOTAL,TOT,LV,2020,1995133,
ESTAT:TTR00012(1.0),27/10/23 23:00:00,A,PAS,PAS_CRD,TOTAL,TOT,LV,2021,2336134,
ESTAT:TTR00012(1.0),27/10/23 23:00:00,A,PAS,PAS_CRD,TOTAL,TOT,LV,2022,5368369,
ESTAT:TTR00012(1.0),27/10/23 23:00:00,A,PAS,PAS_CRD,TOTAL,TOT,ME,2016,1845464,
ESTAT:TTR00012(1.0),27/10/23 23:00:00,A,PAS,PAS_CRD,TOTAL,TOT,ME,2017,2173494,
ESTAT:TTR00012(1.0),27/10/23 23:00:00,A,PAS,PAS_CRD,TOTAL,TOT,ME,2018,2440486,
ESTAT:TTR00012(1.0),27/10/23 23:00:00,A,PAS,PAS_CRD,TOTAL,TOT,ME,2019,2652801,
ESTAT:TTR00012(1.0),27/10/23 23:00:00,A,PAS,PAS_CRD,TOTAL,TOT,ME,2020,521959,
ESTAT:TTR00012(1.0),27/10/23 23:00:00,A,PAS,PAS_CRD,TOTAL,TOT,ME,2021,1309266,
ESTAT:TTR00012(1.0),27/10/23 23:00:00,A,PAS,PAS_CRD,TOTAL,TOT,ME,2022,1908552,
ESTAT:TTR00012(1.0),27/10/23 23:00:00,A,PAS,PAS_CRD,TOTAL,TOT,MK,2015,1452373,
ESTAT:TTR00012(1.0),27/10/23 23:00:00,A,PAS,PAS_CRD,TOTAL,TOT,MK,2016,1649374,
ESTAT:TTR00012(1.0),27/10/23 23:00:00,A,PAS,PAS_CRD,TOTAL,TOT,MK,2017,1861282,
ESTAT:TTR00012(1.0),27/10/23 23:00:00,A,PAS,PAS_CRD,TOTAL,TOT,MK,2018,2152746,
ESTAT:TTR00012(1.0),27/10/23 23:00:00,A,PAS,PAS_CRD,TOTAL,TOT,MK,2019,2353327,
ESTAT:TTR00012(1.0),27/10/23 23:00:00,A,PAS,PAS_CRD,TOTAL,TOT,MK,2020,709241,
ESTAT:TTR00012(1.0),27/10/23 23:00:00,A,PAS,PAS_CRD,TOTAL,TOT,MK,2021,1266230,
ESTAT:TTR00012(1.0),27/10/23 23:00:00,A,PAS,PAS_CRD,TOTAL,TOT,MK,2022,2134988,
ESTAT:TTR00012(1.0),27/10/23 23:00:00,A,PAS,PAS_CRD,TOTAL,TOT,MT,2011,3506814,
ESTAT:TTR00012(1.0),27/10/23 23:00:00,A,PAS,PAS_CRD,TOTAL,TOT,MT,2012,3650347,
ESTAT:TTR00012(1.0),27/10/23 23:00:00,A,PAS,PAS_CRD,TOTAL,TOT,MT,2013,4032029,
ESTAT:TTR00012(1.0),27/10/23 23:00:00,A,PAS,PAS_CRD,TOTAL,TOT,MT,2014,4290032,
ESTAT:TTR00012(1.0),27/10/23 23:00:00,A,PAS,PAS_CRD,TOTAL,TOT,MT,2015,4619557,
ESTAT:TTR00012(1.0),27/10/23 23:00:00,A,PAS,PAS_CRD,TOTAL,TOT,MT,2016,5080446,
ESTAT:TTR00012(1.0),27/10/23 23:00:00,A,PAS,PAS_CRD,TOTAL,TOT,MT,2017,6007731,
ESTAT:TTR00012(1.0),27/10/23 23:00:00,A,PAS,PAS_CRD,TOTAL,TOT,MT,2018,6805817,
ESTAT:TTR00012(1.0),27/10/23 23:00:00,A,PAS,PAS_CRD,TOTAL,TOT,MT,2019,7318357,
ESTAT:TTR00012(1.0),27/10/23 23:00:00,A,PAS,PAS_CRD,TOTAL,TOT,MT,2020,1752445,
ESTAT:TTR00012(1.0),27/10/23 23:00:00,A,PAS,PAS_CRD,TOTAL,TOT,MT,2021,2547912,
ESTAT:TTR00012(1.0),27/10/23 23:00:00,A,PAS,PAS_CRD,TOTAL,TOT,MT,2022,5861597,
ESTAT:TTR00012(1.0),27/10/23 23:00:00,A,PAS,PAS_CRD,TOTAL,TOT,NL,2011,53895292,
ESTAT:TTR00012(1.0),27/10/23 23:00:00,A,PAS,PAS_CRD,TOTAL,TOT,NL,2012,55680209,
ESTAT:TTR00012(1.0),27/10/23 23:00:00,A,PAS,PAS_CRD,TOTAL,TOT,NL,2013,58077271,
ESTAT:TTR00012(1.0),27/10/23 23:00:00,A,PAS,PAS_CRD,TOTAL,TOT,NL,2014,60963003,
ESTAT:TTR00012(1.0),27/10/23 23:00:00,A,PAS,PAS_CRD,TOTAL,TOT,NL,2015,64570938,
ESTAT:TTR00012(1.0),27/10/23 23:00:00,A,PAS,PAS_CRD,TOTAL,TOT,NL,2016,70317995,
ESTAT:TTR00012(1.0),27/10/23 23:00:00,A,PAS,PAS_CRD,TOTAL,TOT,NL,2017,76240304,
ESTAT:TTR00012(1.0),27/10/23 23:00:00,A,PAS,PAS_CRD,TOTAL,TOT,NL,2018,79644163,
ESTAT:TTR00012(1.0),27/10/23 23:00:00,A,PAS,PAS_CRD,TOTAL,TOT,NL,2019,81192507,
ESTAT:TTR00012(1.0),27/10/23 23:00:00,A,PAS,PAS_CRD,TOTAL,TOT,NL,2020,23594783,
ESTAT:TTR00012(1.0),27/10/23 23:00:00,A,PAS,PAS_CRD,TOTAL,TOT,NL,2021,29082583,
ESTAT:TTR00012(1.0),27/10/23 23:00:00,A,PAS,PAS_CRD,TOTAL,TOT,NL,2022,61289771,
ESTAT:TTR00012(1.0),27/10/23 23:00:00,A,PAS,PAS_CRD,TOTAL,TOT,NO,2011,32403522,
ESTAT:TTR00012(1.0),27/10/23 23:00:00,A,PAS,PAS_CRD,TOTAL,TOT,NO,2012,34592225,
ESTAT:TTR00012(1.0),27/10/23 23:00:00,A,PAS,PAS_CRD,TOTAL,TOT,NO,2013,36686364,
ESTAT:TTR00012(1.0),27/10/23 23:00:00,A,PAS,PAS_CRD,TOTAL,TOT,NO,2014,37603195,
ESTAT:TTR00012(1.0),27/10/23 23:00:00,A,PAS,PAS_CRD,TOTAL,TOT,NO,2015,37503052,
ESTAT:TTR00012(1.0),27/10/23 23:00:00,A,PAS,PAS_CRD,TOTAL,TOT,NO,2016,37727546,
ESTAT:TTR00012(1.0),27/10/23 23:00:00,A,PAS,PAS_CRD,TOTAL,TOT,NO,2017,38739778,
ESTAT:TTR00012(1.0),27/10/23 23:00:00,A,PAS,PAS_CRD,TOTAL,TOT,NO,2018,40030105,
ESTAT:TTR00012(1.0),27/10/23 23:00:00,A,PAS,PAS_CRD,TOTAL,TOT,NO,2019,40348437,
ESTAT:TTR00012(1.0),27/10/23 23:00:00,A,PAS,PAS_CRD,TOTAL,TOT,NO,2020,13216883,
ESTAT:TTR00012(1.0),27/10/23 23:00:00,A,PAS,PAS_CRD,TOTAL,TOT,NO,2021,14136316,
ESTAT:TTR00012(1.0),27/10/23 23:00:00,A,PAS,PAS_CRD,TOTAL,TOT,NO,2022,32562643,
ESTAT:TTR00012(1.0),27/10/23 23:00:00,A,PAS,PAS_CRD,TOTAL,TOT,PL,2011,20635672,
ESTAT:TTR00012(1.0),27/10/23 23:00:00,A,PAS,PAS_CRD,TOTAL,TOT,PL,2012,21800765,
ESTAT:TTR00012(1.0),27/10/23 23:00:00,A,PAS,PAS_CRD,TOTAL,TOT,PL,2013,23274484,
ESTAT:TTR00012(1.0),27/10/23 23:00:00,A,PAS,PAS_CRD,TOTAL,TOT,PL,2014,25714422,
ESTAT:TTR00012(1.0),27/10/23 23:00:00,A,PAS,PAS_CRD,TOTAL,TOT,PL,2015,28907439,
ESTAT:TTR00012(1.0),27/10/23 23:00:00,A,PAS,PAS_CRD,TOTAL,TOT,PL,2016,32266861,
ESTAT:TTR00012(1.0),27/10/23 23:00:00,A,PAS,PAS_CRD,TOTAL,TOT,PL,2017,37684668,
ESTAT:TTR00012(1.0),27/10/23 23:00:00,A,PAS,PAS_CRD,TOTAL,TOT,PL,2018,43767548,
ESTAT:TTR00012(1.0),27/10/23 23:00:00,A,PAS,PAS_CRD,TOTAL,TOT,PL,2019,46942771,
ESTAT:TTR00012(1.0),27/10/23 23:00:00,A,PAS,PAS_CRD,TOTAL,TOT,PL,2020,13825460,
ESTAT:TTR00012(1.0),27/10/23 23:00:00,A,PAS,PAS_CRD,TOTAL,TOT,PL,2021,18893812,
ESTAT:TTR00012(1.0),27/10/23 23:00:00,A,PAS,PAS_CRD,TOTAL,TOT,PL,2022,39347542,
ESTAT:TTR00012(1.0),27/10/23 23:00:00,A,PAS,PAS_CRD,TOTAL,TOT,PT,2011,27579707,
ESTAT:TTR00012(1.0),27/10/23 23:00:00,A,PAS,PAS_CRD,TOTAL,TOT,PT,2012,28186254,
ESTAT:TTR00012(1.0),27/10/23 23:00:00,A,PAS,PAS_CRD,TOTAL,TOT,PT,2013,29694146,
ESTAT:TTR00012(1.0),27/10/23 23:00:00,A,PAS,PAS_CRD,TOTAL,TOT,PT,2014,32560621,
ESTAT:TTR00012(1.0),27/10/23 23:00:00,A,PAS,PAS_CRD,TOTAL,TOT,PT,2015,36005814,
ESTAT:TTR00012(1.0),27/10/23 23:00:00,A,PAS,PAS_CRD,TOTAL,TOT,PT,2016,40930044,
ESTAT:TTR00012(1.0),27/10/23 23:00:00,A,PAS,PAS_CRD,TOTAL,TOT,PT,2017,47673057,
ESTAT:TTR00012(1.0),27/10/23 23:00:00,A,PAS,PAS_CRD,TOTAL,TOT,PT,2018,51018598,
ESTAT:TTR00012(1.0),27/10/23 23:00:00,A,PAS,PAS_CRD,TOTAL,TOT,PT,2019,55007894,
ESTAT:TTR00012(1.0),27/10/23 23:00:00,A,PAS,PAS_CRD,TOTAL,TOT,PT,2020,16548993,
ESTAT:TTR00012(1.0),27/10/23 23:00:00,A,PAS,PAS_CRD,TOTAL,TOT,PT,2021,22347692,
ESTAT:TTR00012(1.0),27/10/23 23:00:00,A,PAS,PAS_CRD,TOTAL,TOT,PT,2022,57081723,
ESTAT:TTR00012(1.0),27/10/23 23:00:00,A,PAS,PAS_CRD,TOTAL,TOT,RO,2011,9687456,
ESTAT:TTR00012(1.0),27/10/23 23:00:00,A,PAS,PAS_CRD,TOTAL,TOT,RO,2012,9674226,
ESTAT:TTR00012(1.0),27/10/23 23:00:00,A,PAS,PAS_CRD,TOTAL,TOT,RO,2013,10016933,
ESTAT:TTR00012(1.0),27/10/23 23:00:00,A,PAS,PAS_CRD,TOTAL,TOT,RO,2014,10907487,
ESTAT:TTR00012(1.0),27/10/23 23:00:00,A,PAS,PAS_CRD,TOTAL,TOT,RO,2015,12580711,
ESTAT:TTR00012(1.0),27/10/23 23:00:00,A,PAS,PAS_CRD,TOTAL,TOT,RO,2016,15153719,
ESTAT:TTR00012(1.0),27/10/23 23:00:00,A,PAS,PAS_CRD,TOTAL,TOT,RO,2017,17934774,
ESTAT:TTR00012(1.0),27/10/23 23:00:00,A,PAS,PAS_CRD,TOTAL,TOT,RO,2018,19809642,
ESTAT:TTR00012(1.0),27/10/23 23:00:00,A,PAS,PAS_CRD,TOTAL,TOT,RO,2019,21565865,
ESTAT:TTR00012(1.0),27/10/23 23:00:00,A,PAS,PAS_CRD,TOTAL,TOT,RO,2020,6633447,
ESTAT:TTR00012(1.0),27/10/23 23:00:00,A,PAS,PAS_CRD,TOTAL,TOT,RO,2021,10384613,
ESTAT:TTR00012(1.0),27/10/23 23:00:00,A,PAS,PAS_CRD,TOTAL,TOT,RO,2022,19535951,
ESTAT:TTR00012(1.0),27/10/23 23:00:00,A,PAS,PAS_CRD,TOTAL,TOT,RS,2016,4414858,
ESTAT:TTR00012(1.0),27/10/23 23:00:00,A,PAS,PAS_CRD,TOTAL,TOT,RS,2017,4828171,
ESTAT:TTR00012(1.0),27/10/23 23:00:00,A,PAS,PAS_CRD,TOTAL,TOT,RS,2018,5521250,
ESTAT:TTR00012(1.0),27/10/23 23:00:00,A,PAS,PAS_CRD,TOTAL,TOT,RS,2019,6450643,
ESTAT:TTR00012(1.0),27/10/23 23:00:00,A,PAS,PAS_CRD,TOTAL,TOT,RS,2020,1938468,
ESTAT:TTR00012(1.0),27/10/23 23:00:00,A,PAS,PAS_CRD,TOTAL,TOT,RS,2021,3431750,
ESTAT:TTR00012(1.0),27/10/23 23:00:00,A,PAS,PAS_CRD,TOTAL,TOT,RS,2022,5991693,
ESTAT:TTR00012(1.0),27/10/23 23:00:00,A,PAS,PAS_CRD,TOTAL,TOT,SE,2011,29732247,
ESTAT:TTR00012(1.0),27/10/23 23:00:00,A,PAS,PAS_CRD,TOTAL,TOT,SE,2012,30350849,
ESTAT:TTR00012(1.0),27/10/23 23:00:00,A,PAS,PAS_CRD,TOTAL,TOT,SE,2013,31443225,
ESTAT:TTR00012(1.0),27/10/23 23:00:00,A,PAS,PAS_CRD,TOTAL,TOT,SE,2014,32766043,
ESTAT:TTR00012(1.0),27/10/23 23:00:00,A,PAS,PAS_CRD,TOTAL,TOT,SE,2015,34011263,
ESTAT:TTR00012(1.0),27/10/23 23:00:00,A,PAS,PAS_CRD,TOTAL,TOT,SE,2016,35952558,
ESTAT:TTR00012(1.0),27/10/23 23:00:00,A,PAS,PAS_CRD,TOTAL,TOT,SE,2017,38456213,
ESTAT:TTR00012(1.0),27/10/23 23:00:00,A,PAS,PAS_CRD,TOTAL,TOT,SE,2018,38945096,
ESTAT:TTR00012(1.0),27/10/23 23:00:00,A,PAS,PAS_CRD,TOTAL,TOT,SE,2019,37614763,
ESTAT:TTR00012(1.0),27/10/23 23:00:00,A,PAS,PAS_CRD,TOTAL,TOT,SE,2020,9317677,
ESTAT:TTR00012(1.0),27/10/23 23:00:00,A,PAS,PAS_CRD,TOTAL,TOT,SE,2021,10798009,
ESTAT:TTR00012(1.0),27/10/23 23:00:00,A,PAS,PAS_CRD,TOTAL,TOT,SE,2022,25038812,
ESTAT:TTR00012(1.0),27/10/23 23:00:00,A,PAS,PAS_CRD,TOTAL,TOT,SI,2011,1358792,
ESTAT:TTR00012(1.0),27/10/23 23:00:00,A,PAS,PAS_CRD,TOTAL,TOT,SI,2012,1167877,
ESTAT:TTR00012(1.0),27/10/23 23:00:00,A,PAS,PAS_CRD,TOTAL,TOT,SI,2013,1265766,
ESTAT:TTR00012(1.0),27/10/23 23:00:00,A,PAS,PAS_CRD,TOTAL,TOT,SI,2014,1307128,
ESTAT:TTR00012(1.0),27/10/23 23:00:00,A,PAS,PAS_CRD,TOTAL,TOT,SI,2015,1436003,
ESTAT:TTR00012(1.0),27/10/23 23:00:00,A,PAS,PAS_CRD,TOTAL,TOT,SI,2016,1404152,
ESTAT:TTR00012(1.0),27/10/23 23:00:00,A,PAS,PAS_CRD,TOTAL,TOT,SI,2017,1682133,
ESTAT:TTR00012(1.0),27/10/23 23:00:00,A,PAS,PAS_CRD,TOTAL,TOT,SI,2018,1810567,
ESTAT:TTR00012(1.0),27/10/23 23:00:00,A,PAS,PAS_CRD,TOTAL,TOT,SI,2019,1719039,
ESTAT:TTR00012(1.0),27/10/23 23:00:00,A,PAS,PAS_CRD,TOTAL,TOT,SI,2020,287787,
ESTAT:TTR00012(1.0),27/10/23 23:00:00,A,PAS,PAS_CRD,TOTAL,TOT,SI,2021,419346,
ESTAT:TTR00012(1.0),27/10/23 23:00:00,A,PAS,PAS_CRD,TOTAL,TOT,SI,2022,968811,
ESTAT:TTR00012(1.0),27/10/23 23:00:00,A,PAS,PAS_CRD,TOTAL,TOT,SK,2011,1808187,
ESTAT:TTR00012(1.0),27/10/23 23:00:00,A,PAS,PAS_CRD,TOTAL,TOT,SK,2012,1563197,
ESTAT:TTR00012(1.0),27/10/23 23:00:00,A,PAS,PAS_CRD,TOTAL,TOT,SK,2013,1557149,
ESTAT:TTR00012(1.0),27/10/23 23:00:00,A,PAS,PAS_CRD,TOTAL,TOT,SK,2014,1671290,
ESTAT:TTR00012(1.0),27/10/23 23:00:00,A,PAS,PAS_CRD,TOTAL,TOT,SK,2015,1943656,
ESTAT:TTR00012(1.0),27/10/23 23:00:00,A,PAS,PAS_CRD,TOTAL,TOT,SK,2016,2158261,
ESTAT:TTR00012(1.0),27/10/23 23:00:00,A,PAS,PAS_CRD,TOTAL,TOT,SK,2017,2402651,
ESTAT:TTR00012(1.0),27/10/23 23:00:00,A,PAS,PAS_CRD,TOTAL,TOT,SK,2018,2794094,
ESTAT:TTR00012(1.0),27/10/23 23:00:00,A,PAS,PAS_CRD,TOTAL,TOT,SK,2019,2839787,
ESTAT:TTR00012(1.0),27/10/23 23:00:00,A,PAS,PAS_CRD,TOTAL,TOT,SK,2020,500604,
ESTAT:TTR00012(1.0),27/10/23 23:00:00,A,PAS,PAS_CRD,TOTAL,TOT,SK,2021,642078,
ESTAT:TTR00012(1.0),27/10/23 23:00:00,A,PAS,PAS_CRD,TOTAL,TOT,SK,2022,1942568,
ESTAT:TTR00012(1.0),27/10/23 23:00:00,A,PAS,PAS_CRD,TOTAL,TOT,UK,2011,201536753,
ESTAT:TTR00012(1.0),27/10/23 23:00:00,A,PAS,PAS_CRD,TOTAL,TOT,UK,2012,203067015,
ESTAT:TTR00012(1.0),27/10/23 23:00:00,A,PAS,PAS_CRD,TOTAL,TOT,UK,2013,210468980,
ESTAT:TTR00012(1.0),27/10/23 23:00:00,A,PAS,PAS_CRD,TOTAL,TOT,UK,2014,220022122,
ESTAT:TTR00012(1.0),27/10/23 23:00:00,A,PAS,PAS_CRD,TOTAL,TOT,UK,2015,232270437,
ESTAT:TTR00012(1.0),27/10/23 23:00:00,A,PAS,PAS_CRD,TOTAL,TOT,UK,2016,248868873,
ESTAT:TTR00012(1.0),27/10/23 23:00:00,A,PAS,PAS_CRD,TOTAL,TOT,UK,2017,264629454,
ESTAT:TTR00012(1.0),27/10/23 23:00:00,A,PAS,PAS_CRD,TOTAL,TOT,UK,2018,272190155,
ESTAT:TTR00012(1.0),27/10/23 23:00:00,A,PAS,PAS_CRD,TOTAL,TOT,UK,2019,277432380,
